-- Adminer 4.8.1 PostgreSQL 16.4 (Ubuntu 16.4-0ubuntu0.24.04.1) dump

DROP TABLE IF EXISTS "DailyFareCaps";
CREATE TABLE "public"."DailyFareCaps" (
    "dateCondition" integer NOT NULL,
    "fareType" integer NOT NULL,
    "fareCap" integer NOT NULL,
    CONSTRAINT "DailyFareCaps_pkey" PRIMARY KEY ("dateCondition", "fareType")
) WITH (oids = false);

INSERT INTO "DailyFareCaps" ("dateCondition", "fareType", "fareCap") VALUES
(0,	0,	1060),
(1,	0,	720),
(0,	1,	720),
(1,	1,	360),
(0,	2,	720),
(1,	2,	360),
(0,	3,	720),
(1,	3,	360),
(2,	3,	0),
(0,	4,	720),
(1,	4,	360),
(0,	5,	720),
(1,	5,	360),
(4,	5,	0),
(0,	6,	720),
(1,	6,	360),
(8,	6,	0);

DROP TABLE IF EXISTS "FareDurations";
CREATE TABLE "public"."FareDurations" (
    "numZones" integer NOT NULL,
    "2hDuration" integer NOT NULL,
    CONSTRAINT "FareDurations_pkey" PRIMARY KEY ("numZones")
) WITH (oids = false);

INSERT INTO "FareDurations" ("numZones", "2hDuration") VALUES
(1,	120),
(2,	120),
(3,	150),
(4,	150),
(5,	150),
(6,	180),
(7,	180),
(8,	180),
(9,	210),
(10,	210),
(11,	210),
(12,	240),
(13,	240),
(14,	240),
(15,	270);

DROP TABLE IF EXISTS "FareTypes";
CREATE TABLE "public"."FareTypes" (
    "type" integer NOT NULL,
    "name" character varying(48) NOT NULL,
    CONSTRAINT "FareTypes_pkey" PRIMARY KEY ("type")
) WITH (oids = false);

INSERT INTO "FareTypes" ("type", "name") VALUES
(0,	'Full Fare'),
(1,	'Concession'),
(2,	'Child'),
(3,	'Carers'),
(4,	'Disability Support Pension'),
(5,	'Seniors'),
(6,	'War Veterans/Widow(er)s');

DROP TABLE IF EXISTS "Locations";
DROP SEQUENCE IF EXISTS "Locations_id_seq";
CREATE SEQUENCE "Locations_id_seq" INCREMENT  MINVALUE  MAXVALUE  CACHE ;

CREATE TABLE "public"."Locations" (
    "id" integer DEFAULT nextval('"Locations_id_seq"') NOT NULL,
    "name" character varying(64),
    "minProduct" integer,
    CONSTRAINT "Locations_pkey" PRIMARY KEY ("id")
) WITH (oids = false);

INSERT INTO "Locations" ("id", "name", "minProduct") VALUES
(1,	'Flinders Street Station',	1),
(2,	'Southern Cross Station',	1),
(3,	'Flagstaff Station',	1),
(4,	'Melbourne Central Station',	1),
(5,	'Parliament Station',	1),
(6,	'Jolimont Station',	1),
(7,	'West Richmond Station',	1),
(8,	'North Richmond Station',	1),
(9,	'Collingwood Station',	1),
(10,	'Victoria Park Station',	1),
(11,	'Clifton Hill Station',	1),
(12,	'Rushall Station',	1),
(13,	'Merri Station',	1),
(14,	'Northcote Station',	1),
(15,	'Croxton Station',	1),
(16,	'Thornbury Station',	1),
(17,	'Bell Station',	1),
(18,	'Preston Station',	3),
(19,	'Regent Station',	3),
(20,	'Reservoir Station',	3),
(21,	'Ruthven Station',	5),
(22,	'Keon Park Station',	5),
(23,	'Thomastown Station',	5),
(24,	'Lalor Station',	5),
(25,	'Epping Station',	5),
(26,	'South Morang Station',	5),
(27,	'Middle Gorge Station',	5),
(28,	'Hawkstowe Station',	5),
(29,	'Mernda Station',	5),
(30,	'Westgarth Station',	1),
(31,	'Dennis Station',	1),
(32,	'Fairfield Station',	1),
(33,	'Alphington Station',	1),
(34,	'Darebin Station',	1),
(35,	'Ivanhoe Station',	3),
(36,	'Eaglemont Station',	3),
(37,	'Heidelberg Station',	3),
(38,	'Rosanna Station',	5),
(39,	'Macleod Station',	5),
(40,	'Watsonia Station',	5),
(41,	'Greensborough Station',	5),
(42,	'Montmorency Station',	5),
(43,	'Eltham Station',	5),
(44,	'Diamond Creek Station',	5),
(45,	'Wattle Glen Station',	5),
(46,	'Hurstbridge Station',	5),
(47,	'Richmond Station',	1),
(48,	'East Richmond Station',	1),
(49,	'Burnley Station',	1),
(50,	'Heyington Station',	1),
(51,	'Kooyong Station',	1),
(52,	'Tooronga Station',	1),
(53,	'Gardiner Station',	1),
(54,	'Glen Iris Station',	1),
(55,	'Darling Station',	3),
(56,	'East Malvern Station',	3),
(57,	'Holmesglen Station',	3),
(58,	'Jordanville Station',	5),
(59,	'Mount Waverley Station',	5),
(60,	'Syndal Station',	5),
(61,	'Glen Waverley Station',	5),
(62,	'Hawthorn Station',	1),
(63,	'Glenferrie Station',	1),
(64,	'Auburn Station',	1),
(65,	'Camberwell Station',	1),
(66,	'Riversdale Station',	1),
(67,	'Willison Station',	1),
(68,	'Hartwell Station',	1),
(69,	'Burwood Station',	1),
(70,	'Ashburton Station',	1),
(71,	'Alamein Station',	1),
(72,	'East Camberwell Station',	1),
(73,	'Canterbury Station',	3),
(74,	'Chatham Station',	3),
(75,	'Union Station',	3),
(76,	'Box Hill Station',	5),
(77,	'Laburnum Station',	5),
(78,	'Blackburn Station',	5),
(79,	'Nunawading Station',	5),
(80,	'Mitcham Station',	5),
(81,	'Heatherdale Station',	5),
(82,	'Ringwood Station',	5),
(83,	'Ringwood East Station',	5),
(84,	'Croydon Station',	5),
(85,	'Mooroolbark Station',	5),
(86,	'Lilydale Station',	5),
(87,	'Heathmont Station',	5),
(88,	'Bayswater Station',	5),
(89,	'Boronia Station',	5),
(90,	'Ferntree Gully Station',	5),
(91,	'Upper Ferntree Gully Station',	5),
(92,	'Upwey Station',	5),
(93,	'Tecoma Station',	5),
(94,	'Belgrave Station',	5),
(95,	'South Yarra Station',	1),
(96,	'Prahran Station',	1),
(97,	'Windsor Station',	1),
(98,	'Balaclava Station',	1),
(99,	'Ripponlea Station',	1),
(100,	'Elsternwick Station',	1),
(101,	'Gardenvale Station',	1),
(102,	'North Brighton Station',	3),
(103,	'Middle Brighton Station',	3),
(104,	'Brighton Beach Station',	3),
(105,	'Hampton Station',	5),
(106,	'Sandringham Station',	5),
(107,	'Hawksburn Station',	1),
(108,	'Toorak Station',	1),
(109,	'Armadale Station',	1),
(110,	'Malvern Station',	1),
(111,	'Caulfield Station',	1),
(112,	'Glen Huntly Station',	1),
(113,	'Ormond Station',	3),
(114,	'McKinnon Station',	3),
(115,	'Bentleigh Station',	3),
(116,	'Patterson Station',	5),
(117,	'Moorabbin Station',	5),
(118,	'Highett Station',	5),
(119,	'Southland Station',	5),
(120,	'Cheltenham Station',	5),
(121,	'Mentone Station',	5),
(122,	'Parkdale Station',	5),
(123,	'Mordialloc Station',	5),
(124,	'Aspendale Station',	5),
(125,	'Edithvale Station',	5),
(126,	'Chelsea Station',	5),
(127,	'Bonbeach Station',	5),
(128,	'Carrum Station',	5),
(129,	'Seaford Station',	5),
(130,	'Kananook Station',	5),
(131,	'Frankston Station',	5),
(132,	'Leawarra Station',	5),
(133,	'Baxter Station',	5),
(134,	'Somerville Station',	5),
(135,	'Tyabb Station',	5),
(136,	'Hastings Station',	5),
(137,	'Bittern Station',	5),
(138,	'Morradoo Station',	5),
(139,	'Crib Point Station',	5),
(140,	'Stony Point Station',	5),
(141,	'Carnegie Station',	1),
(142,	'Murrumbeena Station',	1),
(143,	'Hughesdale Station',	3),
(144,	'Oakleigh Station',	3),
(145,	'Huntingdale Station',	3),
(146,	'Clayton Station',	5),
(147,	'Westall Station',	5),
(148,	'Springvale Station',	5),
(149,	'Sandown Park Station',	5),
(150,	'Noble Park Station',	5),
(151,	'Yarraman Station',	5),
(152,	'Dandenong Station',	5),
(153,	'Lynbrook Station',	5),
(154,	'Merinda Park Station',	5),
(155,	'Cranbourne Station',	5),
(156,	'Hallam Station',	5),
(157,	'Narre Warren Station',	5),
(158,	'Berwick Station',	5),
(159,	'Beaconsfield Station',	5),
(160,	'Officer Station',	5),
(161,	'Cardinia Road Station',	5),
(162,	'Pakenham Station',	5),
(163,	'East Pakenham Station',	5),
(164,	'North Melbourne Station',	1),
(165,	'Kensington Station',	1),
(166,	'Newmarket Station',	1),
(167,	'Showgrounds Station',	1),
(168,	'Flemington Racecourse Station',	1),
(169,	'Ascot Vale Station',	1),
(170,	'Moonee Ponds Station',	1),
(171,	'Essendon Station',	1),
(172,	'Glenbervie Station',	1),
(173,	'Strathmore Station',	1),
(174,	'Pascoe Vale Station',	3),
(175,	'Oak Park Station',	3),
(176,	'Glenroy Station',	3),
(177,	'Jacana Station',	5),
(178,	'Broadmeadows Station',	5),
(179,	'Coolaroo Station',	5),
(180,	'Roxburgh Park Station',	5),
(181,	'Craigieburn Station',	5),
(182,	'Macaulay Station',	1),
(183,	'Flemington Bridge Station',	1),
(184,	'Royal Park Station',	1),
(185,	'Jewell Station',	1),
(186,	'Brunswick Station',	1),
(187,	'Anstey Station',	1),
(188,	'Moreland Station',	1),
(189,	'Coburg Station',	1),
(190,	'Batman Station',	3),
(191,	'Merlynston Station',	3),
(192,	'Fawkner Station',	3),
(193,	'Gowrie Station',	5),
(194,	'Upfield Station',	5),
(195,	'South Kensington Station',	1),
(196,	'Footscray Station',	1),
(197,	'Middle Footscray Station',	1),
(198,	'West Footscray Station',	1),
(199,	'Tottenham Station',	1),
(200,	'Sunshine Station',	3),
(201,	'Albion Station',	3),
(202,	'Ginifer Station',	5),
(203,	'St Albans Station',	5),
(204,	'Keilor Plains Station',	5),
(205,	'Watergardens Station',	5),
(206,	'Diggers Rest Station',	5),
(207,	'Sunbury Station',	5),
(208,	'Seddon Station',	1),
(209,	'Yarraville Station',	1),
(210,	'Spotswood Station',	1),
(211,	'Newport Station',	1),
(212,	'North Williamstown Station',	1),
(213,	'Wlliamstown Beach Station',	1),
(214,	'Williamstown Station',	1),
(215,	'Seaholme Station',	1),
(216,	'Altona Station',	3),
(217,	'Wetona Station',	3),
(218,	'Laverton Station',	3),
(219,	'Aircraft Station',	5),
(220,	'Williams Landing Station',	5),
(221,	'Hoppers Crossing Station',	5),
(222,	'Werribee Station',	5);

DROP TABLE IF EXISTS "Passes";
CREATE TABLE "public"."Passes" (
    "transactionID" uuid NOT NULL,
    "ticketID" uuid,
    "duration" integer NOT NULL,
    "activationDate" date,
    "productID" integer,
    CONSTRAINT "Passes_pkey" PRIMARY KEY ("transactionID")
) WITH (oids = false);


DROP TABLE IF EXISTS "PhysicalTickets";
DROP SEQUENCE IF EXISTS "PhysicalTickets_id_seq";
CREATE SEQUENCE "PhysicalTickets_id_seq" INCREMENT  MINVALUE  MAXVALUE  CACHE ;

CREATE TABLE "public"."PhysicalTickets" (
    "id" bigint DEFAULT nextval('"PhysicalTickets_id_seq"') NOT NULL,
    "type" character varying(8) NOT NULL,
    "disabled" boolean DEFAULT false NOT NULL,
    "expiryDate" date,
    "ticketID" uuid,
    CONSTRAINT "PhysicalTickets_pkey" PRIMARY KEY ("id")
) WITH (oids = false);


DROP TABLE IF EXISTS "ProductFares";
CREATE TABLE "public"."ProductFares" (
    "productID" integer NOT NULL,
    "fareType" integer NOT NULL,
    "dateCondition" integer NOT NULL,
    "fare" integer NOT NULL,
    CONSTRAINT "ProductFares_productID_fareType_dateCondition" PRIMARY KEY ("productID", "fareType", "dateCondition")
) WITH (oids = false);

INSERT INTO "ProductFares" ("productID", "fareType", "dateCondition", "fare") VALUES
(1,	0,	0,	530),
(2,	0,	0,	900),
(4,	0,	0,	1060),
(5,	0,	0,	330),
(6,	0,	0,	280),
(7,	0,	0,	280),
(8,	0,	0,	280),
(9,	0,	0,	280),
(10,	0,	0,	280),
(11,	0,	0,	280),
(12,	0,	0,	280),
(13,	0,	0,	280),
(14,	0,	0,	280),
(15,	0,	0,	280),
(16,	0,	0,	280),
(17,	0,	0,	280),
(18,	0,	0,	280),
(19,	0,	0,	380),
(20,	0,	0,	380),
(21,	0,	0,	380),
(22,	0,	0,	380),
(23,	0,	0,	380),
(24,	0,	0,	380),
(25,	0,	0,	380),
(26,	0,	0,	380),
(27,	0,	0,	380),
(28,	0,	0,	380),
(29,	0,	0,	380),
(30,	0,	0,	380),
(31,	0,	0,	380),
(32,	0,	0,	420),
(33,	0,	0,	420),
(34,	0,	0,	420),
(35,	0,	0,	420),
(36,	0,	0,	420),
(37,	0,	0,	420),
(38,	0,	0,	420),
(39,	0,	0,	420),
(40,	0,	0,	420),
(41,	0,	0,	420),
(42,	0,	0,	420),
(43,	0,	0,	420),
(44,	0,	0,	520),
(45,	0,	0,	520),
(46,	0,	0,	520),
(47,	0,	0,	520),
(48,	0,	0,	520),
(49,	0,	0,	520),
(50,	0,	0,	520),
(51,	0,	0,	520),
(52,	0,	0,	520),
(53,	0,	0,	520),
(54,	0,	0,	520),
(55,	0,	0,	600),
(56,	0,	0,	600),
(57,	0,	0,	600),
(58,	0,	0,	600),
(59,	0,	0,	600),
(60,	0,	0,	600),
(61,	0,	0,	600),
(62,	0,	0,	600),
(63,	0,	0,	600),
(64,	0,	0,	600),
(65,	0,	0,	740),
(66,	0,	0,	740),
(67,	0,	0,	740),
(68,	0,	0,	740),
(69,	0,	0,	740),
(70,	0,	0,	740),
(71,	0,	0,	740),
(72,	0,	0,	740),
(73,	0,	0,	740),
(74,	0,	0,	900),
(75,	0,	0,	900),
(76,	0,	0,	900),
(77,	0,	0,	900),
(78,	0,	0,	900),
(79,	0,	0,	900),
(80,	0,	0,	900),
(81,	0,	0,	900),
(82,	0,	0,	1060),
(83,	0,	0,	1060),
(84,	0,	0,	1060),
(85,	0,	0,	1060),
(86,	0,	0,	1060),
(87,	0,	0,	1060),
(88,	0,	0,	1060),
(89,	0,	0,	1060),
(90,	0,	0,	1060),
(91,	0,	0,	1060),
(92,	0,	0,	1060),
(93,	0,	0,	1060),
(94,	0,	0,	1060),
(95,	0,	0,	1060),
(96,	0,	0,	1060),
(97,	0,	0,	1060),
(98,	0,	0,	1060),
(99,	0,	0,	1060),
(100,	0,	0,	1060),
(101,	0,	0,	1060),
(102,	0,	0,	1060),
(103,	0,	0,	1060),
(104,	0,	0,	1060),
(105,	0,	0,	1060),
(106,	0,	0,	1060),
(107,	0,	0,	1060),
(108,	0,	0,	1060),
(1,	1,	0,	265),
(2,	1,	0,	450),
(4,	1,	0,	530),
(5,	1,	0,	165),
(6,	1,	0,	140),
(7,	1,	0,	140),
(8,	1,	0,	140),
(9,	1,	0,	140),
(10,	1,	0,	140),
(11,	1,	0,	140),
(12,	1,	0,	140),
(13,	1,	0,	140),
(14,	1,	0,	140),
(15,	1,	0,	140),
(16,	1,	0,	140),
(17,	1,	0,	140),
(18,	1,	0,	140),
(19,	1,	0,	190),
(20,	1,	0,	190),
(21,	1,	0,	190),
(22,	1,	0,	190),
(23,	1,	0,	190),
(24,	1,	0,	190),
(25,	1,	0,	190),
(26,	1,	0,	190),
(27,	1,	0,	190),
(28,	1,	0,	190),
(29,	1,	0,	190),
(30,	1,	0,	190),
(31,	1,	0,	190),
(32,	1,	0,	210),
(33,	1,	0,	210),
(34,	1,	0,	210),
(35,	1,	0,	210),
(36,	1,	0,	210),
(37,	1,	0,	210),
(38,	1,	0,	210),
(39,	1,	0,	210),
(40,	1,	0,	210),
(41,	1,	0,	210),
(42,	1,	0,	210),
(43,	1,	0,	210),
(44,	1,	0,	260),
(45,	1,	0,	260),
(46,	1,	0,	260),
(47,	1,	0,	260),
(48,	1,	0,	260),
(49,	1,	0,	260),
(50,	1,	0,	260),
(51,	1,	0,	260),
(52,	1,	0,	260),
(53,	1,	0,	260),
(54,	1,	0,	260),
(55,	1,	0,	300),
(56,	1,	0,	300),
(57,	1,	0,	300),
(58,	1,	0,	300),
(59,	1,	0,	300),
(60,	1,	0,	300),
(61,	1,	0,	300),
(62,	1,	0,	300),
(63,	1,	0,	300),
(64,	1,	0,	300),
(65,	1,	0,	370),
(66,	1,	0,	370),
(67,	1,	0,	370),
(68,	1,	0,	370),
(69,	1,	0,	370),
(70,	1,	0,	370),
(71,	1,	0,	370),
(72,	1,	0,	370),
(73,	1,	0,	370),
(74,	1,	0,	450),
(75,	1,	0,	450),
(76,	1,	0,	450),
(77,	1,	0,	450),
(78,	1,	0,	450),
(79,	1,	0,	450),
(80,	1,	0,	450),
(81,	1,	0,	450),
(82,	1,	0,	530),
(83,	1,	0,	530),
(84,	1,	0,	530),
(85,	1,	0,	530),
(86,	1,	0,	530),
(87,	1,	0,	530),
(88,	1,	0,	530),
(89,	1,	0,	530),
(90,	1,	0,	530),
(91,	1,	0,	530),
(92,	1,	0,	530),
(93,	1,	0,	530),
(94,	1,	0,	530),
(95,	1,	0,	530),
(96,	1,	0,	530),
(97,	1,	0,	530),
(98,	1,	0,	530),
(99,	1,	0,	530),
(100,	1,	0,	530),
(101,	1,	0,	530),
(102,	1,	0,	530),
(103,	1,	0,	530),
(104,	1,	0,	530),
(105,	1,	0,	530),
(106,	1,	0,	530),
(107,	1,	0,	530),
(108,	1,	0,	530),
(1,	2,	0,	265),
(2,	2,	0,	450),
(4,	2,	0,	530),
(5,	2,	0,	165),
(6,	2,	0,	140),
(7,	2,	0,	140),
(8,	2,	0,	140),
(9,	2,	0,	140),
(10,	2,	0,	140),
(11,	2,	0,	140),
(12,	2,	0,	140),
(13,	2,	0,	140),
(14,	2,	0,	140),
(15,	2,	0,	140),
(16,	2,	0,	140),
(17,	2,	0,	140),
(18,	2,	0,	140),
(19,	2,	0,	190),
(20,	2,	0,	190),
(21,	2,	0,	190),
(22,	2,	0,	190),
(23,	2,	0,	190),
(24,	2,	0,	190),
(25,	2,	0,	190),
(26,	2,	0,	190),
(27,	2,	0,	190),
(28,	2,	0,	190),
(29,	2,	0,	190),
(30,	2,	0,	190),
(31,	2,	0,	190),
(32,	2,	0,	210),
(33,	2,	0,	210),
(34,	2,	0,	210),
(35,	2,	0,	210),
(36,	2,	0,	210),
(37,	2,	0,	210),
(38,	2,	0,	210),
(39,	2,	0,	210),
(40,	2,	0,	210),
(41,	2,	0,	210),
(42,	2,	0,	210),
(43,	2,	0,	210),
(44,	2,	0,	260),
(45,	2,	0,	260),
(46,	2,	0,	260),
(47,	2,	0,	260),
(48,	2,	0,	260),
(49,	2,	0,	260),
(50,	2,	0,	260),
(51,	2,	0,	260),
(52,	2,	0,	260),
(53,	2,	0,	260),
(54,	2,	0,	260),
(55,	2,	0,	300),
(56,	2,	0,	300),
(57,	2,	0,	300),
(58,	2,	0,	300),
(59,	2,	0,	300),
(60,	2,	0,	300),
(61,	2,	0,	300),
(62,	2,	0,	300),
(63,	2,	0,	300),
(64,	2,	0,	300),
(65,	2,	0,	370),
(66,	2,	0,	370),
(67,	2,	0,	370),
(68,	2,	0,	370),
(69,	2,	0,	370),
(70,	2,	0,	370),
(71,	2,	0,	370),
(72,	2,	0,	370),
(73,	2,	0,	370),
(74,	2,	0,	450),
(75,	2,	0,	450),
(76,	2,	0,	450),
(77,	2,	0,	450),
(78,	2,	0,	450),
(79,	2,	0,	450),
(80,	2,	0,	450),
(81,	2,	0,	450),
(82,	2,	0,	530),
(83,	2,	0,	530),
(84,	2,	0,	530),
(85,	2,	0,	530),
(86,	2,	0,	530),
(87,	2,	0,	530),
(88,	2,	0,	530),
(89,	2,	0,	530),
(90,	2,	0,	530),
(91,	2,	0,	530),
(92,	2,	0,	530),
(93,	2,	0,	530),
(94,	2,	0,	530),
(95,	2,	0,	530),
(96,	2,	0,	530),
(97,	2,	0,	530),
(98,	2,	0,	530),
(99,	2,	0,	530),
(100,	2,	0,	530),
(101,	2,	0,	530),
(102,	2,	0,	530),
(103,	2,	0,	530),
(104,	2,	0,	530),
(105,	2,	0,	530),
(106,	2,	0,	530),
(107,	2,	0,	530),
(108,	2,	0,	530),
(1,	3,	0,	265),
(2,	3,	0,	450),
(4,	3,	0,	530),
(5,	3,	0,	165),
(6,	3,	0,	140),
(7,	3,	0,	140),
(8,	3,	0,	140),
(9,	3,	0,	140),
(10,	3,	0,	140),
(11,	3,	0,	140),
(12,	3,	0,	140),
(13,	3,	0,	140),
(14,	3,	0,	140),
(15,	3,	0,	140),
(16,	3,	0,	140),
(17,	3,	0,	140),
(18,	3,	0,	140),
(19,	3,	0,	190),
(20,	3,	0,	190),
(21,	3,	0,	190),
(22,	3,	0,	190),
(23,	3,	0,	190),
(24,	3,	0,	190),
(25,	3,	0,	190),
(26,	3,	0,	190),
(27,	3,	0,	190),
(28,	3,	0,	190),
(29,	3,	0,	190),
(30,	3,	0,	190),
(31,	3,	0,	190),
(32,	3,	0,	210),
(33,	3,	0,	210),
(34,	3,	0,	210),
(35,	3,	0,	210),
(36,	3,	0,	210),
(37,	3,	0,	210),
(38,	3,	0,	210),
(39,	3,	0,	210),
(40,	3,	0,	210),
(41,	3,	0,	210),
(42,	3,	0,	210),
(43,	3,	0,	210),
(44,	3,	0,	260),
(45,	3,	0,	260),
(46,	3,	0,	260),
(47,	3,	0,	260),
(48,	3,	0,	260),
(49,	3,	0,	260),
(50,	3,	0,	260),
(51,	3,	0,	260),
(52,	3,	0,	260),
(53,	3,	0,	260),
(54,	3,	0,	260),
(55,	3,	0,	300),
(56,	3,	0,	300),
(57,	3,	0,	300),
(58,	3,	0,	300),
(59,	3,	0,	300),
(60,	3,	0,	300),
(61,	3,	0,	300),
(62,	3,	0,	300),
(63,	3,	0,	300),
(64,	3,	0,	300),
(65,	3,	0,	370),
(66,	3,	0,	370),
(67,	3,	0,	370),
(68,	3,	0,	370),
(69,	3,	0,	370),
(70,	3,	0,	370),
(71,	3,	0,	370),
(72,	3,	0,	370),
(73,	3,	0,	370),
(74,	3,	0,	450),
(75,	3,	0,	450),
(76,	3,	0,	450),
(77,	3,	0,	450),
(78,	3,	0,	450),
(79,	3,	0,	450),
(80,	3,	0,	450),
(81,	3,	0,	450),
(82,	3,	0,	530),
(83,	3,	0,	530),
(84,	3,	0,	530),
(85,	3,	0,	530),
(86,	3,	0,	530),
(87,	3,	0,	530),
(88,	3,	0,	530),
(89,	3,	0,	530),
(90,	3,	0,	530),
(91,	3,	0,	530),
(92,	3,	0,	530),
(93,	3,	0,	530),
(94,	3,	0,	530),
(95,	3,	0,	530),
(96,	3,	0,	530),
(97,	3,	0,	530),
(98,	3,	0,	530),
(99,	3,	0,	530),
(100,	3,	0,	530),
(101,	3,	0,	530),
(102,	3,	0,	530),
(103,	3,	0,	530),
(104,	3,	0,	530),
(105,	3,	0,	530),
(106,	3,	0,	530),
(107,	3,	0,	530),
(108,	3,	0,	530),
(1,	4,	0,	265),
(2,	4,	0,	450),
(4,	4,	0,	530),
(5,	4,	0,	165),
(6,	4,	0,	140),
(7,	4,	0,	140),
(8,	4,	0,	140),
(9,	4,	0,	140),
(10,	4,	0,	140),
(11,	4,	0,	140),
(12,	4,	0,	140),
(13,	4,	0,	140),
(14,	4,	0,	140),
(15,	4,	0,	140),
(16,	4,	0,	140),
(17,	4,	0,	140),
(18,	4,	0,	140),
(19,	4,	0,	190),
(20,	4,	0,	190),
(21,	4,	0,	190),
(22,	4,	0,	190),
(23,	4,	0,	190),
(24,	4,	0,	190),
(25,	4,	0,	190),
(26,	4,	0,	190),
(27,	4,	0,	190),
(28,	4,	0,	190),
(29,	4,	0,	190),
(30,	4,	0,	190),
(31,	4,	0,	190),
(32,	4,	0,	210),
(33,	4,	0,	210),
(34,	4,	0,	210),
(35,	4,	0,	210),
(36,	4,	0,	210),
(37,	4,	0,	210),
(38,	4,	0,	210),
(39,	4,	0,	210),
(40,	4,	0,	210),
(41,	4,	0,	210),
(42,	4,	0,	210),
(43,	4,	0,	210),
(44,	4,	0,	260),
(45,	4,	0,	260),
(46,	4,	0,	260),
(47,	4,	0,	260),
(48,	4,	0,	260),
(49,	4,	0,	260),
(50,	4,	0,	260),
(51,	4,	0,	260),
(52,	4,	0,	260),
(53,	4,	0,	260),
(54,	4,	0,	260),
(55,	4,	0,	300),
(56,	4,	0,	300),
(57,	4,	0,	300),
(58,	4,	0,	300),
(59,	4,	0,	300),
(60,	4,	0,	300),
(61,	4,	0,	300),
(62,	4,	0,	300),
(63,	4,	0,	300),
(64,	4,	0,	300),
(65,	4,	0,	370),
(66,	4,	0,	370),
(67,	4,	0,	370),
(68,	4,	0,	370),
(69,	4,	0,	370),
(70,	4,	0,	370),
(71,	4,	0,	370),
(72,	4,	0,	370),
(73,	4,	0,	370),
(74,	4,	0,	450),
(75,	4,	0,	450),
(76,	4,	0,	450),
(77,	4,	0,	450),
(78,	4,	0,	450),
(79,	4,	0,	450),
(80,	4,	0,	450),
(81,	4,	0,	450),
(82,	4,	0,	530),
(83,	4,	0,	530),
(84,	4,	0,	530),
(85,	4,	0,	530),
(86,	4,	0,	530),
(87,	4,	0,	530),
(88,	4,	0,	530),
(89,	4,	0,	530),
(90,	4,	0,	530),
(91,	4,	0,	530),
(92,	4,	0,	530),
(93,	4,	0,	530),
(94,	4,	0,	530),
(95,	4,	0,	530),
(96,	4,	0,	530),
(97,	4,	0,	530),
(98,	4,	0,	530),
(99,	4,	0,	530),
(100,	4,	0,	530),
(101,	4,	0,	530),
(102,	4,	0,	530),
(103,	4,	0,	530),
(104,	4,	0,	530),
(105,	4,	0,	530),
(106,	4,	0,	530),
(107,	4,	0,	530),
(108,	4,	0,	530),
(1,	5,	0,	265),
(2,	5,	0,	450),
(4,	5,	0,	530),
(5,	5,	0,	165),
(6,	5,	0,	140),
(7,	5,	0,	140),
(8,	5,	0,	140),
(9,	5,	0,	140),
(10,	5,	0,	140),
(11,	5,	0,	140),
(12,	5,	0,	140),
(13,	5,	0,	140),
(14,	5,	0,	140),
(15,	5,	0,	140),
(16,	5,	0,	140),
(17,	5,	0,	140),
(18,	5,	0,	140),
(19,	5,	0,	190),
(20,	5,	0,	190),
(21,	5,	0,	190),
(22,	5,	0,	190),
(23,	5,	0,	190),
(24,	5,	0,	190),
(25,	5,	0,	190),
(26,	5,	0,	190),
(27,	5,	0,	190),
(28,	5,	0,	190),
(29,	5,	0,	190),
(30,	5,	0,	190),
(31,	5,	0,	190),
(32,	5,	0,	210),
(33,	5,	0,	210),
(34,	5,	0,	210),
(35,	5,	0,	210),
(36,	5,	0,	210),
(37,	5,	0,	210),
(38,	5,	0,	210),
(39,	5,	0,	210),
(40,	5,	0,	210),
(41,	5,	0,	210),
(42,	5,	0,	210),
(43,	5,	0,	210),
(44,	5,	0,	260),
(45,	5,	0,	260),
(46,	5,	0,	260),
(47,	5,	0,	260),
(48,	5,	0,	260),
(49,	5,	0,	260),
(50,	5,	0,	260),
(51,	5,	0,	260),
(52,	5,	0,	260),
(53,	5,	0,	260),
(54,	5,	0,	260),
(55,	5,	0,	300),
(56,	5,	0,	300),
(57,	5,	0,	300),
(58,	5,	0,	300),
(59,	5,	0,	300),
(60,	5,	0,	300),
(61,	5,	0,	300),
(62,	5,	0,	300),
(63,	5,	0,	300),
(64,	5,	0,	300),
(65,	5,	0,	370),
(66,	5,	0,	370),
(67,	5,	0,	370),
(68,	5,	0,	370),
(69,	5,	0,	370),
(70,	5,	0,	370),
(71,	5,	0,	370),
(72,	5,	0,	370),
(73,	5,	0,	370),
(74,	5,	0,	450),
(75,	5,	0,	450),
(76,	5,	0,	450),
(77,	5,	0,	450),
(78,	5,	0,	450),
(79,	5,	0,	450),
(80,	5,	0,	450),
(81,	5,	0,	450),
(82,	5,	0,	530),
(83,	5,	0,	530),
(84,	5,	0,	530),
(85,	5,	0,	530),
(86,	5,	0,	530),
(87,	5,	0,	530),
(88,	5,	0,	530),
(89,	5,	0,	530),
(90,	5,	0,	530),
(91,	5,	0,	530),
(92,	5,	0,	530),
(93,	5,	0,	530),
(94,	5,	0,	530),
(95,	5,	0,	530),
(96,	5,	0,	530),
(97,	5,	0,	530),
(98,	5,	0,	530),
(99,	5,	0,	530),
(100,	5,	0,	530),
(101,	5,	0,	530),
(102,	5,	0,	530),
(103,	5,	0,	530),
(104,	5,	0,	530),
(105,	5,	0,	530),
(106,	5,	0,	530),
(107,	5,	0,	530),
(108,	5,	0,	530),
(1,	6,	0,	265),
(2,	6,	0,	450),
(4,	6,	0,	530),
(5,	6,	0,	165),
(6,	6,	0,	140),
(7,	6,	0,	140),
(8,	6,	0,	140),
(9,	6,	0,	140),
(10,	6,	0,	140),
(11,	6,	0,	140),
(12,	6,	0,	140),
(13,	6,	0,	140),
(14,	6,	0,	140),
(15,	6,	0,	140),
(16,	6,	0,	140),
(17,	6,	0,	140),
(18,	6,	0,	140),
(19,	6,	0,	190),
(20,	6,	0,	190),
(21,	6,	0,	190),
(22,	6,	0,	190),
(23,	6,	0,	190),
(24,	6,	0,	190),
(25,	6,	0,	190),
(26,	6,	0,	190),
(27,	6,	0,	190),
(28,	6,	0,	190),
(29,	6,	0,	190),
(30,	6,	0,	190),
(31,	6,	0,	190),
(32,	6,	0,	210),
(33,	6,	0,	210),
(34,	6,	0,	210),
(35,	6,	0,	210),
(36,	6,	0,	210),
(37,	6,	0,	210),
(38,	6,	0,	210),
(39,	6,	0,	210),
(40,	6,	0,	210),
(41,	6,	0,	210),
(42,	6,	0,	210),
(43,	6,	0,	210),
(44,	6,	0,	260),
(45,	6,	0,	260),
(46,	6,	0,	260),
(47,	6,	0,	260),
(48,	6,	0,	260),
(49,	6,	0,	260),
(50,	6,	0,	260),
(51,	6,	0,	260),
(52,	6,	0,	260),
(53,	6,	0,	260),
(54,	6,	0,	260),
(55,	6,	0,	300),
(56,	6,	0,	300),
(57,	6,	0,	300),
(58,	6,	0,	300),
(59,	6,	0,	300),
(60,	6,	0,	300),
(61,	6,	0,	300),
(62,	6,	0,	300),
(63,	6,	0,	300),
(64,	6,	0,	300),
(65,	6,	0,	370),
(66,	6,	0,	370),
(67,	6,	0,	370),
(68,	6,	0,	370),
(69,	6,	0,	370),
(70,	6,	0,	370),
(71,	6,	0,	370),
(72,	6,	0,	370),
(73,	6,	0,	370),
(74,	6,	0,	450),
(75,	6,	0,	450),
(76,	6,	0,	450),
(77,	6,	0,	450),
(78,	6,	0,	450),
(79,	6,	0,	450),
(80,	6,	0,	450),
(81,	6,	0,	450),
(82,	6,	0,	530),
(83,	6,	0,	530),
(84,	6,	0,	530),
(85,	6,	0,	530),
(86,	6,	0,	530),
(87,	6,	0,	530),
(88,	6,	0,	530),
(89,	6,	0,	530),
(90,	6,	0,	530),
(91,	6,	0,	530),
(92,	6,	0,	530),
(93,	6,	0,	530),
(94,	6,	0,	530),
(95,	6,	0,	530),
(96,	6,	0,	530),
(97,	6,	0,	530),
(98,	6,	0,	530),
(99,	6,	0,	530),
(100,	6,	0,	530),
(101,	6,	0,	530),
(102,	6,	0,	530),
(103,	6,	0,	530),
(104,	6,	0,	530),
(105,	6,	0,	530),
(106,	6,	0,	530),
(107,	6,	0,	530),
(108,	6,	0,	530),
(1,	3,	1,	0),
(5,	3,	1,	0),
(6,	3,	1,	0),
(7,	3,	1,	0),
(8,	3,	1,	0),
(9,	3,	1,	0),
(10,	3,	1,	0),
(11,	3,	1,	0),
(12,	3,	1,	0),
(13,	3,	1,	0),
(14,	3,	1,	0),
(15,	3,	1,	0),
(16,	3,	1,	0),
(17,	3,	1,	0),
(18,	3,	1,	0),
(19,	3,	1,	0),
(20,	3,	1,	0),
(21,	3,	1,	0),
(22,	3,	1,	0),
(23,	3,	1,	0),
(24,	3,	1,	0),
(25,	3,	1,	0),
(26,	3,	1,	0),
(27,	3,	1,	0),
(28,	3,	1,	0),
(29,	3,	1,	0),
(30,	3,	1,	0),
(31,	3,	1,	0),
(1,	4,	1,	0),
(5,	4,	1,	0),
(6,	4,	1,	0),
(7,	4,	1,	0),
(8,	4,	1,	0),
(9,	4,	1,	0),
(10,	4,	1,	0),
(11,	4,	1,	0),
(12,	4,	1,	0),
(13,	4,	1,	0),
(14,	4,	1,	0),
(15,	4,	1,	0),
(16,	4,	1,	0),
(17,	4,	1,	0),
(18,	4,	1,	0),
(19,	4,	1,	0),
(20,	4,	1,	0),
(21,	4,	1,	0),
(22,	4,	1,	0),
(23,	4,	1,	0),
(24,	4,	1,	0),
(25,	4,	1,	0),
(26,	4,	1,	0),
(27,	4,	1,	0),
(28,	4,	1,	0),
(29,	4,	1,	0),
(30,	4,	1,	0),
(31,	4,	1,	0),
(1,	5,	1,	0),
(5,	5,	1,	0),
(6,	5,	1,	0),
(7,	5,	1,	0),
(8,	5,	1,	0),
(9,	5,	1,	0),
(10,	5,	1,	0),
(11,	5,	1,	0),
(12,	5,	1,	0),
(13,	5,	1,	0),
(14,	5,	1,	0),
(15,	5,	1,	0),
(16,	5,	1,	0),
(17,	5,	1,	0),
(18,	5,	1,	0),
(19,	5,	1,	0),
(20,	5,	1,	0),
(21,	5,	1,	0),
(22,	5,	1,	0),
(23,	5,	1,	0),
(24,	5,	1,	0),
(25,	5,	1,	0),
(26,	5,	1,	0),
(27,	5,	1,	0),
(28,	5,	1,	0),
(29,	5,	1,	0),
(30,	5,	1,	0),
(31,	5,	1,	0);

DROP TABLE IF EXISTS "Products";
CREATE TABLE "public"."Products" (
    "id" integer NOT NULL,
    "name" character varying(48) NOT NULL,
    "coveredZones" integer NOT NULL,
    CONSTRAINT "Products_pkey" PRIMARY KEY ("id")
) WITH (oids = false);

INSERT INTO "Products" ("id", "name", "coveredZones") VALUES
(0,	'None',	0),
(1,	'Zone 1+2',	3),
(2,	'Zone 1+2+3',	7),
(3,	'Zone 1/2 overlap',	0),
(4,	'Zones 1-15',	32767),
(5,	'Zone 2',	2),
(6,	'Zone 3',	4),
(7,	'Zone 4',	8),
(8,	'Zone 5',	16),
(9,	'Zone 6',	32),
(10,	'Zone 7',	64),
(11,	'Zone 8',	128),
(12,	'Zone 9',	256),
(13,	'Zone 10',	512),
(14,	'Zone 11',	1024),
(15,	'Zone 12',	2048),
(16,	'Zone 13',	4096),
(17,	'Zone 14',	8192),
(18,	'Zone 15',	16384),
(19,	'Zones 2-3',	6),
(20,	'Zones 3-4',	12),
(21,	'Zones 4-5',	24),
(22,	'Zones 5-6',	48),
(23,	'Zones 6-7',	96),
(24,	'Zones 7-8',	192),
(25,	'Zones 8-9',	384),
(26,	'Zones 9-10',	768),
(27,	'Zones 10-11',	1536),
(28,	'Zones 11-12',	3072),
(29,	'Zones 12-13',	6144),
(30,	'Zones 13-14',	12288),
(31,	'Zones 14-15',	24576),
(32,	'Zones 2-4',	14),
(33,	'Zones 3-5',	28),
(34,	'Zones 4-6',	56),
(35,	'Zones 5-7',	112),
(36,	'Zones 6-8',	224),
(37,	'Zones 7-9',	448),
(38,	'Zones 8-10',	896),
(39,	'Zones 9-11',	1792),
(40,	'Zones 10-12',	3584),
(41,	'Zones 11-13',	7168),
(42,	'Zones 12-14',	14336),
(43,	'Zones 13-15',	28672),
(44,	'Zones 2-5',	30),
(45,	'Zones 3-6',	60),
(46,	'Zones 4-7',	120),
(47,	'Zones 5-8',	240),
(48,	'Zones 6-9',	480),
(49,	'Zones 7-10',	960),
(50,	'Zones 8-11',	1920),
(51,	'Zones 9-12',	3840),
(52,	'Zones 10-13',	7680),
(53,	'Zones 11-14',	15360),
(54,	'Zones 12-15',	30720),
(55,	'Zones 2-6',	62),
(56,	'Zones 3-7',	124),
(57,	'Zones 4-8',	248),
(58,	'Zones 5-9',	496),
(59,	'Zones 6-10',	992),
(60,	'Zones 7-11',	1984),
(61,	'Zones 8-12',	3968),
(62,	'Zones 9-13',	7936),
(63,	'Zones 10-14',	15872),
(64,	'Zones 11-15',	31744),
(65,	'Zones 2-7',	126),
(66,	'Zones 3-8',	252),
(67,	'Zones 4-9',	504),
(68,	'Zones 5-10',	1008),
(69,	'Zones 6-11',	2016),
(70,	'Zones 7-12',	4032),
(71,	'Zones 8-13',	8064),
(72,	'Zones 9-14',	16128),
(73,	'Zones 10-15',	32256),
(74,	'Zones 2-8',	254),
(75,	'Zones 3-9',	508),
(76,	'Zones 4-10',	1016),
(77,	'Zones 5-11',	2032),
(78,	'Zones 6-12',	4064),
(79,	'Zones 7-13',	8128),
(80,	'Zones 8-14',	16256),
(81,	'Zones 9-15',	32512),
(82,	'Zones 2-9',	510),
(83,	'Zones 3-10',	1020),
(84,	'Zones 4-11',	2040),
(85,	'Zones 5-12',	4080),
(86,	'Zones 6-13',	8160),
(87,	'Zones 7-14',	16320),
(88,	'Zones 8-15',	32640),
(89,	'Zones 2-10',	1022),
(90,	'Zones 3-11',	2044),
(91,	'Zones 4-12',	4088),
(92,	'Zones 5-13',	8176),
(93,	'Zones 6-14',	16352),
(94,	'Zones 7-15',	32704),
(95,	'Zones 2-11',	2046),
(96,	'Zones 3-12',	4092),
(97,	'Zones 4-13',	8184),
(98,	'Zones 5-14',	16368),
(99,	'Zones 6-15',	32736),
(100,	'Zones 2-12',	4094),
(101,	'Zones 3-13',	8188),
(102,	'Zones 4-14',	16376),
(103,	'Zones 5-15',	32752),
(104,	'Zones 2-13',	8190),
(105,	'Zones 3-14',	16380),
(106,	'Zones 4-15',	32760),
(107,	'Zones 2-14',	16382),
(108,	'Zones 3-15',	32764),
(109,	'Zones 2-15',	32766);

DROP TABLE IF EXISTS "Tickets";
CREATE TABLE "public"."Tickets" (
    "id" uuid DEFAULT uuid_generate_v4() NOT NULL,
    "fareType" integer,
    "balance" integer DEFAULT '0' NOT NULL,
    "dailyExpenditure" integer DEFAULT '0' NOT NULL,
    "currentProduct" integer DEFAULT '0',
    "touchedOn" boolean DEFAULT false NOT NULL,
    "productExpiry" timestamp DEFAULT CURRENT_TIMESTAMP NOT NULL,
    "travelledZones" integer DEFAULT '0' NOT NULL,
    CONSTRAINT "Tickets_pkey" PRIMARY KEY ("id")
) WITH (oids = false);


DROP TABLE IF EXISTS "TransactionTypes";
CREATE TABLE "public"."TransactionTypes" (
    "type" integer NOT NULL,
    "name" character varying(48) NOT NULL,
    CONSTRAINT "TransactionTypes_pkey" PRIMARY KEY ("type")
) WITH (oids = false);

INSERT INTO "TransactionTypes" ("type", "name") VALUES
(0,	'Touch on'),
(1,	'Touch off'),
(2,	'Touch off and on'),
(3,	'Failed touch off');

DROP TABLE IF EXISTS "Transactions";
CREATE TABLE "public"."Transactions" (
    "id" uuid DEFAULT gen_random_uuid() NOT NULL,
    "ticketID" uuid,
    "timestamp" timestamp DEFAULT CURRENT_TIMESTAMP NOT NULL,
    "type" integer,
    "locationID" integer,
    "postBalance" integer NOT NULL,
    CONSTRAINT "Transactions_pkey" PRIMARY KEY ("id")
) WITH (oids = false);


ALTER TABLE ONLY "public"."DailyFareCaps" ADD CONSTRAINT "DailyFareCaps_fareType_fkey" FOREIGN KEY ("fareType") REFERENCES "FareTypes"(type) NOT DEFERRABLE;

ALTER TABLE ONLY "public"."Locations" ADD CONSTRAINT "Locations_minProduct_fkey" FOREIGN KEY ("minProduct") REFERENCES "Products"(id) NOT DEFERRABLE;

ALTER TABLE ONLY "public"."Passes" ADD CONSTRAINT "Passes_productID_fkey" FOREIGN KEY ("productID") REFERENCES "Products"(id) NOT DEFERRABLE;
ALTER TABLE ONLY "public"."Passes" ADD CONSTRAINT "Passes_ticketID_fkey" FOREIGN KEY ("ticketID") REFERENCES "Tickets"(id) NOT DEFERRABLE;
ALTER TABLE ONLY "public"."Passes" ADD CONSTRAINT "Passes_transactionID_fkey" FOREIGN KEY ("transactionID") REFERENCES "Transactions"(id) NOT DEFERRABLE;

ALTER TABLE ONLY "public"."PhysicalTickets" ADD CONSTRAINT "PhysicalTickets_ticketID_fkey" FOREIGN KEY ("ticketID") REFERENCES "Tickets"(id) NOT DEFERRABLE;

ALTER TABLE ONLY "public"."ProductFares" ADD CONSTRAINT "ProductFares_fareType_fkey" FOREIGN KEY ("fareType") REFERENCES "FareTypes"(type) NOT DEFERRABLE;
ALTER TABLE ONLY "public"."ProductFares" ADD CONSTRAINT "ProductFares_productID_fkey" FOREIGN KEY ("productID") REFERENCES "Products"(id) NOT DEFERRABLE;

ALTER TABLE ONLY "public"."Tickets" ADD CONSTRAINT "Tickets_currentProduct_fkey" FOREIGN KEY ("currentProduct") REFERENCES "Products"(id) NOT DEFERRABLE;
ALTER TABLE ONLY "public"."Tickets" ADD CONSTRAINT "Tickets_fareType_fkey" FOREIGN KEY ("fareType") REFERENCES "FareTypes"(type) NOT DEFERRABLE;

ALTER TABLE ONLY "public"."Transactions" ADD CONSTRAINT "Transactions_locationID_fkey" FOREIGN KEY ("locationID") REFERENCES "Locations"(id) NOT DEFERRABLE;
ALTER TABLE ONLY "public"."Transactions" ADD CONSTRAINT "Transactions_ticketID_fkey" FOREIGN KEY ("ticketID") REFERENCES "Tickets"(id) NOT DEFERRABLE;
ALTER TABLE ONLY "public"."Transactions" ADD CONSTRAINT "Transactions_type_fkey" FOREIGN KEY (type) REFERENCES "TransactionTypes"(type) NOT DEFERRABLE;

-- 2024-08-31 08:55:50.893624+00